{"9": 270.98320366729166, "31": 171.98513652388792, "32": 385.9490025809278, "2": 216.664767663637, "21": 231.33078518566955, "15": 311.1606592806321, "1": 301.3821390465329, "19": 413.42201109902567, "25": 290.1234445199014, "5": 208.61839982222162, "7": 346.59715936147614, "14": 237.86386981229185, "27": 252.9116982385908, "18": 174.9471280125809, "24": 204.8891634701404, "8": 343.1154361375957, "17": 269.2613321587552, "12": 278.52394462772605, "26": 117.02536218638284, "16": 237.471491926695, "29": 346.59715936147614, "13": 290.1234445199014, "28": 456.94894765777246, "6": 189.7980406974108, "11": 359.7950852486441, "23": 166.92389713967958, "10": 225.80710685300394, "3": 209.874708420773, "20": 209.874708420773, "22": 242.82981323253782, "30": 390.2289799495584, "4": 435.1325808716268}